Algorithm,Mean_SCBI,Std_SCBI,Min_SCBI,Max_SCBI,Median_SCBI,Mean_Score_Quality,Mean_Coverage,Mean_Diversity,Mean_Efficiency,Mean_Balance,Num_Videos
selected_dbfp_dense_videomme_blip_k16_alpha0.8_adaptive_short_2.0_med_4.0_long_6.0_temporal_iter2,0.22288953941727907,0.27473961393930735,0.0,0.9913330558112607,0.06332708717546692,0.2624457455012248,0.18333333333333332,0.19910608815407485,0.5985751134199898,0.08584780085800908,300
selected_dbfp_dense_videomme_blip_k16_alpha0.85_adaptive_short_2.0_med_4.0_long_6.0_temporal_iter3,0.2161155334117826,0.26971554385865365,0.0,0.999329754371934,0.06332708717546692,0.2622310668235652,0.17,0.1995781028364341,0.5951556498901387,0.07931518059704484,300
selected_dbfp_dense_videomme_blip_k16_alpha0.5_adaptive_short_2.0_med_5.0_long_8.0_temporal_iter2,0.21536152933493796,0.27374245143015685,0.0,0.992848866595341,0.05869457307457588,0.2573897253365426,0.17333333333333334,0.23244238244634285,0.5983652872008993,0.08943391445329345,300
selected_dbfp_dense_videomme_blip_k16_alpha0.5_adaptive_short_2.0_med_4.0_long_6.0_temporal_iter2,0.21493039977720418,0.27138620604739144,0.0,0.9925217900992389,0.05869457307457588,0.2565274662210751,0.17333333333333334,0.22781322690594066,0.5885815983415642,0.08680474929628831,300
selected_dbfp_dense_videomme_blip_k16_alpha0.8_adaptive_short_3.0_med_6.0_long_10.0_temporal_iter1,0.21271753210167893,0.2662502013015437,0.0,0.999996957541268,0.0671751284640191,0.27543506420335784,0.15,0.2229366035512271,0.6243963865673617,0.07805659718889833,300
selected_dbfp_dense_videomme_blip_k16_alpha0.8_adaptive_short_2.0_med_5.0_long_8.0_temporal_iter2,0.21221822029208282,0.26912745935717813,0.0,0.9917063556091381,0.05400173921788263,0.25776977391749895,0.16666666666666666,0.20345214541434378,0.6118756024849669,0.07910327954013668,300
selected_dbfp_dense_videomme_blip_k16_alpha0.8_adaptive_short_2.0_med_3.0_long_5.0_temporal_iter2,0.21042708882167166,0.26886050890262575,0.0,0.995003139683172,0.046253874904034376,0.25085417764334333,0.17,0.19593315722387572,0.5753470830950121,0.07914940933201745,300
selected_dbfp_dense_videomme_blip_k16_alpha0.85_adaptive_short_2.0_med_5.0_long_8.0_score_diff_iter1,0.20897718508381027,0.2643377013460466,0.0,0.999996957541268,0.06132885188127654,0.2712877035009539,0.14666666666666667,0.19567086943038195,0.6146331181500462,0.0737475177405628,300
selected_dbfp_dense_videomme_blip_k16_alpha0.85_adaptive_short_2.0_med_4.0_long_6.0_temporal_iter2,0.20873924889354542,0.26258461862877464,0.0,0.9951379137095733,0.05159143095846217,0.2541451644537575,0.16333333333333333,0.19412189593858475,0.6016380671693297,0.0723947209721058,300
selected_dbfp_dense_videomme_blip_k16_alpha0.5_adaptive_short_2.0_med_5.0_long_8.0_score_diff_iter1,0.20824279893673195,0.2698456748657927,0.0,0.999996957541268,0.056026916732814236,0.2631522645401306,0.15333333333333332,0.19398508245772247,0.6150675578005659,0.08046177652622506,300
selected_dbfp_dense_videomme_blip_k16_alpha0.85_adaptive_short_3.0_med_6.0_long_10.0_temporal_iter1,0.2080983058603917,0.2601611440006987,0.0,0.999996957541268,0.07451447458457913,0.2761966117207834,0.14,0.22457877675483634,0.6275036362595314,0.07194437280833417,300
selected_dbfp_dense_videomme_blip_k16_alpha0.85_adaptive_short_2.0_med_4.0_long_6.0_score_diff_iter1,0.20742718787255776,0.25979826277540424,0.0,0.999996957541268,0.06569399966724371,0.26485437574511556,0.15,0.1995737347845369,0.5979359599566715,0.06867679964711329,300
selected_dbfp_dense_videomme_blip_k16_alpha0.8_adaptive_short_2.0_med_5.0_long_8.0_score_diff_iter1,0.2073902688861217,0.2601285647542704,0.0,0.999996957541268,0.062196344138789994,0.27144720443891,0.14333333333333334,0.19609627955405037,0.6178913749466342,0.06976099894959066,300
selected_dbfp_dense_videomme_blip_k16_alpha0.5_adaptive_short_3.0_med_6.0_long_10.0_temporal_iter1,0.20650246910947398,0.2584706500207764,0.0,0.9999970171483001,0.06948515918152501,0.2696716048856146,0.14333333333333334,0.22752078655429173,0.6247134561341728,0.07054794803633808,300
selected_dbfp_dense_videomme_blip_k16_alpha0.8_adaptive_short_2.0_med_4.0_long_6.0_score_diff_iter1,0.2064191474917731,0.25882998284271436,0.0,0.999996957541268,0.06569399966724371,0.2661716283168795,0.14666666666666667,0.19600461771816446,0.5979475600847685,0.06734006498371589,300
selected_dbfp_dense_videomme_blip_k16_alpha0.8_adaptive_short_2.0_med_5.0_long_8.0_score_diff_iter3,0.20628802596037563,0.2695710152013709,0.0,0.999996957541268,0.0550372416173765,0.2659093852540846,0.14666666666666667,0.1969194572597343,0.6111922447064564,0.07921130796750528,300
selected_dbfp_dense_videomme_blip_k16_alpha0.8_adaptive_short_2.0_med_4.0_long_6.0_temporal_iter1,0.20580173561647225,0.26064145392601673,0.0,0.9951379137095733,0.05400173921788263,0.2616034712329445,0.15,0.19326996392697518,0.6015477001873994,0.06928226785035507,300
selected_dbfp_dense_videomme_blip_k16_alpha0.85_adaptive_short_2.0_med_5.0_long_8.0_temporal_iter3,0.20514783839847628,0.26428206312640423,0.0,0.999329754371934,0.05400173921788263,0.25696234346361924,0.15333333333333332,0.2036424881224592,0.6084303252626355,0.07319632026321184,300
selected_dbfp_dense_videomme_blip_k16_alpha0.8_adaptive_short_2.0_med_4.0_long_6.0_temporal_iter3,0.20509165148335892,0.26017651592004787,0.0,0.999329754371934,0.0550372416173765,0.25018330296671787,0.16,0.19096467500656641,0.5858707280762947,0.07130526815792959,300
selected_dbfp_dense_videomme_blip_k16_alpha0.5_adaptive_short_3.0_med_6.0_long_10.0_score_diff_iter1,0.20492621811347092,0.26101186326895365,0.0,0.999996957541268,0.061565617614646295,0.2731857695602752,0.13666666666666666,0.21485583557822044,0.6175022424276504,0.07291903244781404,300
selected_dbfp_dense_videomme_blip_k16_alpha0.5_adaptive_short_2.0_med_5.0_long_8.0_score_diff_iter2,0.20457663276402363,0.2562060178837286,0.0,0.9956774713923502,0.05505167106564257,0.2591532655280472,0.15,0.1923986448947711,0.6157665759291653,0.06921637007210046,300
selected_dbfp_dense_videomme_blip_k16_alpha0.8_adaptive_short_3.0_med_6.0_long_10.0_score_diff_iter3,0.20391838028814546,0.25344181072259203,0.0,0.999996957541268,0.061565617614646295,0.2745034272429577,0.13333333333333333,0.21256892882200687,0.613943683035756,0.062240143290111224,300
selected_dbfp_dense_videomme_blip_k16_alpha0.85_adaptive_short_2.0_med_4.0_long_6.0_score_diff_iter2,0.20348699741611018,0.2568662520040825,0.0,0.999996957541268,0.0654390819209614,0.2669739948322204,0.14,0.1972064671277028,0.6013158353882975,0.06541055543534538,300
selected_dbfp_dense_videomme_blip_k16_alpha0.8_adaptive_short_2.0_med_5.0_long_8.0_temporal_iter3,0.2032457196769532,0.2640226777984065,0.0,0.999329754371934,0.04380824743472528,0.2531581060205731,0.15333333333333332,0.19032765868985838,0.6024016019295808,0.07405843210498289,300
selected_dbfp_dense_videomme_blip_k16_alpha0.85_adaptive_short_2.0_med_5.0_long_8.0_score_diff_iter2,0.203055968285945,0.2585821673940783,0.0,0.999996957541268,0.062196344138789994,0.27277860323855674,0.13333333333333333,0.2020418599770314,0.6178627803925557,0.06816668782592354,300
selected_dbfp_dense_videomme_blip_k16_alpha0.8_adaptive_short_2.0_med_5.0_long_8.0_score_diff_iter2,0.20302366579519537,0.2604660740024251,0.0,0.999996957541268,0.057487551857518124,0.2693806649237241,0.13666666666666666,0.20010807864713182,0.6144737045825504,0.06993492841701397,300
selected_dbfp_dense_videomme_blip_k16_alpha0.5_adaptive_short_2.0_med_5.0_long_8.0_temporal_iter1,0.20192855016468975,0.25857346456281005,0.0,0.9956774713923502,0.057487551857518124,0.26052376699604624,0.14333333333333334,0.20265558567787548,0.6090237882375328,0.06676262182777953,300
selected_dbfp_dense_videomme_blip_k16_alpha0.85_adaptive_short_2.0_med_4.0_long_6.0_temporal_iter1,0.20170653613909525,0.2549888930243856,0.0,0.9951379137095733,0.057487551857518124,0.26341307227819055,0.14,0.20336242601436016,0.604700118599748,0.06449696669767169,300
selected_dbfp_dense_videomme_blip_k16_alpha0.5_adaptive_short_2.0_med_4.0_long_6.0_temporal_iter3,0.201328606852703,0.2600222252313356,0.0,0.999329754371934,0.05378472469301594,0.2493238803720727,0.15333333333333332,0.21722012605640686,0.581650919023599,0.07204821758247965,300
selected_dbfp_dense_videomme_blip_k16_alpha0.85_adaptive_short_2.0_med_3.0_long_5.0_temporal_iter3,0.20119999043576106,0.2599503649214297,0.0,0.999329754371934,0.046253874904034376,0.24906664753818877,0.15333333333333332,0.19614850216136107,0.575288074034426,0.06930019558545684,300
selected_dbfp_dense_videomme_blip_k16_alpha0.5_adaptive_short_2.0_med_4.0_long_6.0_score_diff_iter2,0.20052484905427131,0.25621577429729014,0.0,0.9956774713923502,0.04746996006210902,0.2510496981085426,0.15,0.19050983387303294,0.5922397104402222,0.06757780312794781,300
selected_dbfp_dense_videomme_blip_k16_alpha0.85_adaptive_short_3.0_med_6.0_long_10.0_temporal_iter3,0.20049361360644663,0.2560593435664628,0.0,0.9999970171483001,0.05400173921788263,0.2676538938795599,0.13333333333333333,0.23520868946025672,0.6145434483693059,0.06800445442764104,300
selected_dbfp_dense_videomme_blip_k16_alpha0.85_adaptive_short_2.0_med_5.0_long_8.0_temporal_iter2,0.20049046753224445,0.2558725439551275,0.0,0.9951379137095733,0.04380824743472528,0.25431426839782223,0.14666666666666667,0.20224072891116868,0.6148193327225422,0.06577390503626643,300
selected_dbfp_dense_videomme_blip_k16_alpha0.8_adaptive_short_2.0_med_3.0_long_5.0_score_diff_iter1,0.20023299418189286,0.25254136793971554,0.0,0.999996957541268,0.057487551857518124,0.26046598836378576,0.14,0.19795550507614196,0.5843205398750918,0.062290009942639994,300
selected_dbfp_dense_videomme_blip_k16_alpha0.8_adaptive_short_2.0_med_4.0_long_6.0_score_diff_iter2,0.20019032311718546,0.2543302929825435,0.0,0.999996957541268,0.06132885188127654,0.26371397956770426,0.13666666666666666,0.19800015885748135,0.598020257650718,0.06350753280941675,300
selected_dbfp_dense_videomme_blip_k16_alpha0.8_adaptive_short_3.0_med_6.0_long_10.0_temporal_iter2,0.19975840982822304,0.25486467730270596,0.0,0.999996957541268,0.05642682707985083,0.2695168196564461,0.13,0.2342983927043143,0.6176163541269751,0.06760214707756729,300
selected_dbfp_dense_videomme_blip_k16_alpha0.85_adaptive_short_2.0_med_5.0_long_8.0_score_diff_iter3,0.1997402986045344,0.2578810648282628,0.0,0.999996957541268,0.057487551857518124,0.2694805972090688,0.13,0.19757171243313143,0.614532987519455,0.06765753909419821,300
selected_dbfp_dense_videomme_blip_k16_alpha0.85_adaptive_short_2.0_med_4.0_long_6.0_score_diff_iter3,0.19940548552936743,0.25406760931097755,0.0,0.999996957541268,0.06593383933153171,0.2654776377254016,0.13333333333333333,0.19830414309599845,0.5980600970383835,0.06378105096462146,300
selected_dbfp_dense_videomme_blip_k16_alpha0.85_adaptive_short_3.0_med_6.0_long_10.0_score_diff_iter3,0.19917246444233414,0.2502901935001081,0.0,0.999996957541268,0.061565617614646295,0.2716782622180016,0.12666666666666668,0.21377875820920275,0.6142920760804771,0.05988787697027222,300
selected_dbfp_dense_videomme_blip_k16_alpha0.8_adaptive_short_3.0_med_6.0_long_10.0_score_diff_iter2,0.19915240146761315,0.24777883559680405,0.0,0.9956774713923502,0.06544396642513606,0.27163813626855965,0.12666666666666668,0.2174771713469551,0.6142962781273996,0.0580097135235365,300
selected_dbfp_dense_videomme_blip_k16_alpha0.85_adaptive_short_2.0_med_3.0_long_5.0_score_diff_iter1,0.19883600835899004,0.25019820979634577,0.0,0.999996957541268,0.057487551857518124,0.26100535005131337,0.13666666666666666,0.19651566360792355,0.5877267446041243,0.05908275709329826,300
selected_dbfp_dense_videomme_blip_k16_alpha0.5_adaptive_short_2.0_med_3.0_long_5.0_temporal_iter2,0.19834172229864072,0.2607061098298513,0.0,0.9923093089125641,0.05042628725977796,0.24668344459728142,0.15,0.21977619425450878,0.5752391744290125,0.07488140448115424,300
selected_dbfp_dense_videomme_blip_k16_alpha0.5_adaptive_short_2.0_med_5.0_long_8.0_temporal_iter3,0.19817740022942262,0.2626122711696198,0.0,0.999329754371934,0.04163344190791428,0.24302146712551193,0.15333333333333332,0.21711105813241915,0.588534161661651,0.07656897989871479,300
selected_dbfp_dense_videomme_blip_k16_alpha0.5_adaptive_short_3.0_med_6.0_long_10.0_score_diff_iter3,0.1980563569169282,0.254546515175723,0.0,0.9999970171483001,0.0692133141967017,0.2661127138338563,0.13,0.21043332638049908,0.6219034451772746,0.06745512226449656,300
selected_dbfp_dense_videomme_blip_k16_alpha0.8_adaptive_short_2.0_med_3.0_long_5.0_temporal_iter3,0.19804515297885766,0.2602553797101867,0.0,0.999329754371934,0.03827295278113052,0.242756972624382,0.15333333333333332,0.18592326889123403,0.5727059488798928,0.07081504184695056,300
selected_dbfp_dense_videomme_blip_k16_alpha0.8_adaptive_short_2.0_med_4.0_long_6.0_score_diff_iter3,0.19781521794179918,0.26068689999091904,0.0,0.999996957541268,0.05400173921788263,0.26229710255026506,0.13333333333333333,0.19765608671953971,0.5912707415494568,0.06976383043449488,300
selected_dbfp_dense_videomme_blip_k16_alpha0.5_adaptive_short_2.0_med_3.0_long_5.0_score_diff_iter2,0.19776308337147291,0.25956441795109686,0.0,0.9919871291274329,0.040867557683585465,0.24885950007627916,0.14666666666666667,0.19655109569855603,0.5921180674901199,0.07212773246980456,300
selected_dbfp_dense_videomme_blip_k16_alpha0.85_adaptive_short_2.0_med_3.0_long_5.0_score_diff_iter2,0.1971589373341139,0.25097009797468084,0.0,0.999996957541268,0.057487551857518124,0.2609845413348945,0.13333333333333333,0.20113919535666447,0.5876871466478923,0.06103760778186591,300
selected_dbfp_dense_videomme_blip_k16_alpha0.85_adaptive_short_3.0_med_6.0_long_10.0_score_diff_iter2,0.19707807358046114,0.2466646254093927,0.0,0.9972508019489114,0.06473403808825301,0.27082281382758894,0.12333333333333334,0.21333897599336873,0.6143643656315457,0.0565130713698854,300
selected_dbfp_dense_videomme_blip_k16_alpha0.85_adaptive_short_2.0_med_5.0_long_8.0_temporal_iter1,0.19629352587128465,0.25219658800428796,0.0,0.9951379137095733,0.05159143095846217,0.26258705174256924,0.13,0.203884589630596,0.6179922154290169,0.06180554867309116,300
selected_dbfp_dense_videomme_blip_k16_alpha0.8_adaptive_short_2.0_med_5.0_long_8.0_temporal_iter1,0.1960721111361129,0.2522200402957104,0.0,0.9951379137095733,0.04746996006210902,0.2621442222722258,0.13,0.19133637168821532,0.6181660422094091,0.05971294854311072,300
selected_dbfp_dense_videomme_blip_k16_alpha0.8_adaptive_short_3.0_med_6.0_long_10.0_temporal_iter3,0.19512370393624526,0.25218086443606647,0.0,0.9999970171483001,0.04746996006210902,0.26358074120582387,0.12666666666666668,0.21674779977602354,0.6181888898657958,0.06132535191496038,300
selected_dbfp_dense_videomme_blip_k16_alpha0.85_adaptive_short_3.0_med_6.0_long_10.0_score_diff_iter1,0.19502893737135615,0.24797183765290642,0.0,0.999996957541268,0.060854291521236836,0.27672454140937897,0.11333333333333333,0.2234643453416234,0.6173594110414768,0.059149041279956925,300
selected_dbfp_dense_videomme_blip_k16_alpha0.8_adaptive_short_3.0_med_6.0_long_10.0_score_diff_iter1,0.19468221637222002,0.24727674691571752,0.0,0.999996957541268,0.060854291521236836,0.2760310994111066,0.11333333333333333,0.21353013484338665,0.6175650543906778,0.057396148583911365,300
selected_dbfp_dense_videomme_blip_k16_alpha0.85_adaptive_short_3.0_med_6.0_long_10.0_temporal_iter2,0.19405535971489266,0.24949820083416058,0.0,0.999996957541268,0.05400173921788263,0.2681107194297853,0.12,0.22774726120719388,0.6208847602817135,0.06217109441145408,300
selected_dbfp_dense_videomme_blip_k16_alpha0.5_adaptive_short_2.0_med_5.0_long_8.0_score_diff_iter3,0.19376894364321237,0.2503667396343801,0.0,0.9933083448543907,0.05147705039551498,0.25420455395309144,0.13333333333333333,0.19486273398247908,0.618894463456606,0.06384068700387716,300
selected_dbfp_dense_videomme_blip_k16_alpha0.5_adaptive_short_2.0_med_3.0_long_5.0_temporal_iter1,0.19365303794276306,0.24840663160934426,0.0,0.9956642489946512,0.05052607818406385,0.25063940921885947,0.13666666666666666,0.19919188327221884,0.5888989407860591,0.05836253483680864,300
selected_dbfp_dense_videomme_blip_k16_alpha0.5_adaptive_short_2.0_med_3.0_long_5.0_score_diff_iter1,0.19362412626764547,0.25133766769887544,0.0,0.999996957541268,0.053712721359666045,0.25391491920195763,0.13333333333333333,0.20671404923892686,0.5850155701398336,0.06343539326105695,300
selected_dbfp_dense_videomme_blip_k16_alpha0.85_adaptive_short_2.0_med_3.0_long_5.0_score_diff_iter3,0.19291073469232659,0.2442627919835916,0.0,0.999996957541268,0.055509701916204454,0.2624881360513198,0.12333333333333334,0.20514058875648028,0.5877090396259407,0.05667392190564716,300
selected_dbfp_dense_videomme_blip_k16_alpha0.5_adaptive_short_3.0_med_6.0_long_10.0_temporal_iter2,0.1923219139031057,0.24797203511899577,0.0,0.9999970171483001,0.05659268998361294,0.26464382780621143,0.12,0.22256122449131485,0.6184611221676612,0.05974524216034197,300
selected_dbfp_dense_videomme_blip_k16_alpha0.5_adaptive_short_2.0_med_4.0_long_6.0_score_diff_iter1,0.1922811598613498,0.24932942519022314,0.0,0.999996957541268,0.053887358654935436,0.25456231972269966,0.13,0.19320462242530193,0.5950113713079123,0.0597433606454852,300
selected_dbfp_dense_videomme_blip_k16_alpha0.8_adaptive_short_2.0_med_3.0_long_5.0_score_diff_iter2,0.19168413720671112,0.24183992821293515,0.0,0.999996957541268,0.05453445624903279,0.26003494108008895,0.12333333333333334,0.20215354141464834,0.587727679770439,0.05376120661676493,300
selected_dbfp_dense_videomme_blip_k16_alpha0.5_adaptive_short_2.0_med_4.0_long_6.0_temporal_iter1,0.19149669727787594,0.24261300846934508,0.0,0.9956774713923502,0.053887358654935436,0.2563267278890852,0.12666666666666668,0.19307707385231132,0.5991591156916966,0.05261862710139053,300
selected_dbfp_dense_videomme_blip_k16_alpha0.5_adaptive_short_2.0_med_4.0_long_6.0_score_diff_iter3,0.19133969895775874,0.2482184023131173,0.0,0.9957472521095388,0.0519555295291739,0.25267939791551747,0.13,0.1954123201483293,0.5986512138296878,0.060648627515988346,300
selected_dbfp_dense_videomme_blip_k16_alpha0.5_adaptive_short_3.0_med_6.0_long_10.0_score_diff_iter2,0.1907593192703774,0.2506313008627966,0.0,0.9956774713923502,0.053887358654935436,0.2648519718740881,0.11666666666666667,0.21459660096721606,0.6213583860743817,0.06224406537800668,300
selected_dbfp_dense_videomme_blip_k16_alpha0.85_adaptive_short_2.0_med_3.0_long_5.0_temporal_iter2,0.19007197934267422,0.24819673496396036,0.0,0.9956642489946512,0.041515741630926306,0.2468106253520151,0.13333333333333333,0.1851914318761842,0.5950640658972627,0.057897204069701565,300
selected_dbfp_dense_videomme_blip_k16_alpha0.8_adaptive_short_2.0_med_3.0_long_5.0_temporal_iter1,0.19004576388141597,0.24637335094833498,0.0,0.992160597241139,0.05052607818406385,0.26009152776283195,0.12,0.18628759572456266,0.5981298708915312,0.05495930506273804,300
selected_dbfp_dense_videomme_blip_k16_alpha0.8_adaptive_short_2.0_med_3.0_long_5.0_score_diff_iter3,0.18972394969832726,0.2438065831929335,0.0,0.999996957541268,0.05400173921788263,0.2594478993966545,0.12,0.2057174577313773,0.5809230129773947,0.05524275645841754,300
selected_dbfp_dense_videomme_blip_k16_alpha0.5_adaptive_short_3.0_med_6.0_long_10.0_temporal_iter3,0.188905577121218,0.25394203398834353,0.0,0.9999970171483001,0.05147705039551498,0.25114448757576935,0.12666666666666668,0.21162630449841408,0.6063287537831866,0.06541830922056112,300
selected_dbfp_dense_videomme_blip_k16_alpha0.5_adaptive_short_2.0_med_3.0_long_5.0_score_diff_iter3,0.18717862946686406,0.2520432132202117,0.0,0.9976471035321239,0.03480778297504135,0.2443572589337281,0.13,0.20170823704703014,0.5888860482715982,0.06515060499241265,300
selected_dbfp_dense_videomme_blip_k16_alpha0.85_adaptive_short_2.0_med_3.0_long_5.0_temporal_iter1,0.18584954567083842,0.24028793643557322,0.0,0.992160597241139,0.05052607818406385,0.2583657580083435,0.11333333333333333,0.19471614822030808,0.594769888641623,0.05065434101617552,300
selected_dbfp_dense_videomme_blip_k16_alpha0.5_adaptive_short_2.0_med_3.0_long_5.0_temporal_iter3,0.18505907387001486,0.24772470432271695,0.0,0.999329754371934,0.04380824743472528,0.2401181477400297,0.13,0.21289935774723912,0.5749077401266112,0.06153606928536635,300
